,i_desc_Atom_Count,i_desc_Atoms_in_Ring_System,i_desc_Chirality_count,i_desc_Ring_Count_5,i_desc_Ring_bridge_count,i_desc_Sum_of_topological_distances_between_F..F,i_desc_Sum_of_topological_distances_between_N..F,i_desc_Sum_of_topological_distances_between_N..N,i_desc_Sum_of_topological_distances_between_O..O,i_desc_Sum_of_topological_distances_between_S..S,r_desc_ALOGP1,r_desc_ALOGP2,r_desc_ALOGP4,r_desc_ALOGP5,r_desc_ALOGP6,r_desc_ALOGP7,r_desc_ALOGP9,r_desc_Average_valence_connectivity_index_chi-0,r_desc_MR1,r_desc_Mean_topological_charge_index_of_order_10,r_desc_Mean_topological_charge_index_of_order_2,r_desc_Mean_topological_charge_index_of_order_3,r_desc_Mean_topological_charge_index_of_order_4,r_desc_Mean_topological_charge_index_of_order_5,r_desc_Mean_topological_charge_index_of_order_6,r_desc_Mean_topological_charge_index_of_order_7,r_desc_Mean_topological_charge_index_of_order_8,r_desc_Mean_topological_charge_index_of_order_9,r_desc_Normalized_number_of_ring_systems,r_desc_PEOE1,r_desc_PEOE10,r_desc_PEOE11,r_desc_PEOE12,r_desc_PEOE6,r_desc_PEOE7,r_desc_PEOE9,r_desc_Petitjean_2D_shape,r_desc_path/walk_2_-_Randic_shape_index,r_desc_path/walk_5_-_Randic_shape_index
0,0.00933493418768172,0.016433083567723217,0.0,0.02421964492195561,0.023506356528566696,0.0,0.016497886003966674,0.011686279711889735,0.0,0.0,0.009445846534445024,0.015524256075175463,0.0,0.03860352199957076,0.0,0.0143936698793366,0.011325708894044384,0.008461180863406748,0.004804260956648737,0.025472521446327608,0.014518791602197378,0.0022855681070314553,0.0026013119546002827,0.0030256249861154443,0.010249311859354182,0.012688260680447705,0.01966545082750504,0.0,0.041965356809721965,0.019617358593522986,0.0,0.0,0.011345276345504474,0.04436082001509278,0.03128166454005085,0.012622929523663395,0.0,0.0023964559177863665,0.0
1,0.012741574365973507,0.016355014302941395,0.050455834836203584,0.0013780269752646235,0.016707031626723157,0.02094618539543791,0.017709172071986856,0.014722761689195563,0.007047743041252053,0.0,0.01898069615397091,0.024234432986788512,0.0,0.010709630397969431,0.0,0.002793699962290647,0.016813658500229284,0.007840085100854433,0.0,0.011755707662877368,0.03008290333186037,0.010225277192674131,0.0119230444225763,0.0,0.009355983953092591,0.002255292731046327,0.01142374559108997,0.0,0.018287355361285892,0.02327523756432653,0.001767142088083262,0.0,0.01984574622839957,0.01979266865431234,0.009831947050183755,0.009307120774031756,0.01562533028290017,0.014143283037511112,0.0
2,0.021751735329578303,0.021672281675476524,0.0,0.014771441268291803,0.014900095553026516,0.003864603496650743,0.015864803762035858,0.0,0.0,0.004570469247087733,0.02113816858462633,0.008931210765602632,0.0023490157867762647,0.0,0.0011758277931093741,0.008260603912704445,0.0,0.000702884045904989,0.0,0.033836307645766665,0.020080842273339342,0.02070031908450487,0.014953453699534632,0.01860124090797685,0.0038826553364748047,0.003187321453917313,0.0,0.011721259099502751,0.041677534557603764,0.008862071581301811,0.0,0.00937107233750667,0.023297104258881318,0.02221428512820633,0.014294677640997816,0.012986359351001677,0.012946183590600957,0.025273175694994737,0.020494328470349377
3,0.01069393039574018,0.016821142725181204,0.0321325512027556,0.0070080369945846885,0.016518771669402854,0.0037136530715066725,0.005780859647391057,0.012059039594317644,0.008915086359424007,0.0015229322900127686,0.018923223343400908,0.03201280296282133,0.0,0.016002076653674147,0.008371873399628471,0.009862788399560785,0.0,0.015514221879821656,0.0,0.014044417454930735,0.03776890744783956,0.0075459708100864,0.001137278713305656,0.0099517656809551,0.002845802256034896,0.011423294055425942,0.019217426454667896,0.007551550671774988,0.027846650040479204,0.02829904367134517,0.005314318089916642,0.007682955546931019,0.015320671995695341,0.0282067762613068,0.0,0.0037019183091323016,0.0042096661486444595,0.010411929135637156,0.0
4,-0.018796004962351343,-0.01961910291033916,-0.009435365578590982,0.0,0.0,-0.01921807353314181,-0.0136900933867313,-0.010131412346127022,0.0,-0.005237965285173146,-0.00643069905610294,-0.0165053991321763,-0.008521548490859288,-0.04073182540691378,0.0,0.0,-0.0016367370234636194,-0.015879555523182487,0.0,0.0,-0.032081764875786595,-0.012311449499866844,-0.009901599615770529,-0.040501047477690094,-0.0010651656825343137,-0.006104190858386593,-0.0022194482070575228,-0.0558347599324619,-0.026548198071017576,-0.00912515399706504,-0.003758300677298987,0.0,-0.016309599187694927,-0.029851518174937138,-0.012293592117009644,-0.040607255425117006,-0.011305229695739494,-0.018822015661085656,-0.027192594874993592
5,0.008616316663609902,0.0,0.040782580780232065,0.008799565064124049,0.0,0.003251817466195045,0.01099119642900198,0.02549995859573836,0.016791632239505142,0.0,0.018360720623654486,0.0367148139485618,0.030860712195956205,0.011789565851426764,0.00546008328373801,0.01635143450259119,0.0,0.005857606777037783,0.005652401506187121,0.01466978658592344,0.004416786201806243,0.015630052430976427,0.011206198495249842,0.035625928328200385,0.0,0.0,0.0,0.008248713983127348,0.0011969858487074214,0.022465545088145827,0.014124711487593256,0.0016295031441834473,0.005803302886961514,0.021906833894899447,0.0032781109486541282,0.02133920350671009,0.0,0.01852461134297656,0.01248665323165793
6,0.010677972459201908,0.005729808975802221,0.0,0.017404906537009213,0.022576726163159144,0.0,0.009613143032401877,0.01397247899214818,0.00840895599776939,0.0,0.002439205276714373,0.004758746637511052,0.004313186669356872,0.07413667158998466,0.0027700940722811818,0.012655486709986756,0.0,0.017083005528816864,0.0,0.011859644492879129,0.0112609612218329,0.0,0.014427689392973788,0.0,0.010497642368384935,0.0,0.03471474810392822,0.02945521231500184,0.03844013813308167,0.010312182140541831,0.0082239096779545,0.0,0.0,0.01685660679012202,0.02496432554627198,0.011702538113138957,0.00985262910891041,0.014600853482187509,0.004623863803979833
7,0.018387690648511174,0.02105914668619041,0.008667710560401165,0.02114155066403245,0.014441983404826162,0.003339631539662602,0.02409782057642457,0.010028057510002464,0.01592787252845479,0.006066450993297889,0.017532829272636025,0.003600845259763674,0.0,0.0037440544396099844,0.011924140298242292,0.008817747801748209,0.0,0.009522373777681364,0.0,0.018325685880631104,0.03886597836924988,0.018140864526055067,0.03735213025988773,0.0,0.005894110535961061,0.02659088492202161,0.028546248317589562,0.030151081929985838,0.015990317587319947,0.016250461839264933,0.0,0.007712943036622898,0.002913534552028252,0.0,0.0037173249239843826,0.0020624482308921888,0.0075194124603535925,0.0,0.0
8,-0.0014724142573426249,-0.028332586238330407,-0.013297495090672795,-0.007799356010296966,-0.04687476246071815,-0.013207152002380871,-0.01734076453326483,-0.014852168718781587,0.0,0.01276694569221748,-0.04868508125432214,-0.004630980673313689,0.0,-0.02011648770672769,-0.003356041931920017,-0.02230763386517381,-0.016755946835660174,0.0,0.0189204814821094,-0.0026747064588178997,-0.0030226370753054788,-0.019167859913584717,-0.0064837190814176215,-0.020993452336530768,-0.010249195743981393,-0.02013903779180326,-0.023369931134476832,-0.002872829321408588,-0.04182486493246307,-0.016338711396266747,-0.026015548158834945,-0.026240609216024724,0.0,0.0,-0.032633483271158725,-0.009296102880711421,-0.016491876605371075,-0.020758925950459167,-0.01575173099347149
9,-0.021467182411205543,-0.024490905261125517,-0.02724271798863848,-0.005298483491307571,0.0,-0.021796913419310948,-0.004484236731008007,-0.008149961686676643,0.0,0.0,-0.0607743228784785,-0.0016005790408694653,-0.005130939228098985,-0.009714617998524022,-0.015063541500238059,-0.0038003653825877943,0.0,-0.01999095465468026,0.0,-0.021138968095421932,-0.006513382108399024,0.0,-0.017376066369279908,-0.004766173307610422,-0.0052230714970735725,-0.010215047628891027,-0.035864311147071885,-0.056952621139797925,-0.05047326999528273,0.0,-0.01322733213888655,-0.031351365300408614,-0.016022110936959932,-0.0051939884105605405,0.0,0.0,0.0,-0.01364450472701728,-0.024698732191255623
10,0.01872360744568674,0.02159011747801837,0.0,0.01956335949761301,0.023160410805088544,0.0,0.012742728435402528,0.010897941510791764,0.01039661371720993,0.005648253366524747,0.009135694537336423,0.006403627853817706,0.001859866505744656,0.047036963940446534,0.006373527646862609,0.0,0.00350271950108802,0.0044855340599593285,0.0,0.014909747943050028,0.006050607967920063,0.01322979033682964,0.0027005731853841364,0.02351975714198079,0.010515993888422948,0.0007883585386849468,0.0050541213066093715,0.023230239286630427,0.048539473283975336,0.0,0.016044053732709368,0.019630530721495287,0.0,0.01892607633984561,0.0,0.006132777956476654,0.004222158187396324,0.03267182861818665,0.010646278596144865
11,0.0,0.013118862262847893,-0.016972443606885546,0.0,0.0,-0.008919438880336361,-0.0040610024839265735,-0.01425682962524927,-0.009019996540351294,-0.003284028457679722,0.0,-0.005834374581374258,-0.010006879524550094,-0.04072432463268338,-0.02332317048626431,-0.006349474733281625,-0.010296660743812192,-0.01081415078383613,-0.001874128946130399,-0.022295365879980437,-0.019985373220790137,-0.0430654881274099,-0.018980019457149225,-0.022920083968241637,-0.007214345959603977,-0.019508684712479185,-0.008457334406336836,-0.03338020607032949,0.0,-0.028836805171029486,-0.01430817670731224,0.0,-0.011918289827229978,-0.031701730758538334,-0.01980723856389205,-0.03066631030320222,-0.008274842390355308,-0.025524141080065454,-0.022204188299207672
12,-0.030777965438436194,-0.044448051890138895,-0.018288993866780123,-0.009631978181025652,0.0,0.0,-0.012422253871351652,0.0,-0.019176958380865028,0.0,-0.04180203638476152,-0.005779953309594632,-0.0007615284405017853,-0.025578872115394117,-0.013763778510274494,0.0,-0.011057350768897687,-0.011018161850908979,-0.0004808706225623849,-0.023237893590087818,-0.013240554310724628,-0.000363803202357238,-0.025947469274051255,-0.023141279327412945,-0.006818601774482014,-0.015323113412370304,-0.015789115056390083,-0.029120451060920594,-0.03147822819610485,-0.024482176802330058,-0.013634948097579593,-0.007508221999994014,-0.014612423468592596,0.0,-0.014452280817535081,-0.008112155813742195,0.0,-0.02157297800598673,-0.007842218824511527
13,0.0,0.009785619111430915,0.024893625174492427,0.0034933167980392144,0.0261196787188806,0.0,0.025889702541607496,0.03895896542383381,0.0,0.007494224885947087,0.0150408603389226,0.016749113308068664,0.01852141158587925,0.026159996523163143,0.012815954413262193,0.014715662672924372,0.00719988203051769,0.0036397731855114523,0.0010587462140858317,0.0034416419846095003,0.034687464108897836,0.018901612101248636,0.0009444996569329123,0.0,0.005936566882848909,0.009828761725052091,0.006572078826101779,0.009232930473960343,0.028687599613438138,0.01200507784605162,0.0016054126621602438,0.0,0.001980376981399995,0.025160168654477868,0.006240399452162482,0.01476256882404481,0.0,0.01603827159035651,0.009771369023022669
14,0.016173609119998322,0.02185426697354553,0.0,0.02481734754159781,0.036482633810879794,0.004983362609298131,0.0028436135347492675,0.01262427752809103,0.004538027798736521,0.0,0.03551469068752408,0.0,0.000715469129679791,0.0,0.009292747405700076,0.004940420544704449,0.0,0.0,0.0,0.01905933510310337,0.005887543073319734,0.00044891905682445393,0.001745930353994701,0.021245562619445716,0.0018298683723089735,0.005633932149943288,0.030576374516772507,0.03176329331275099,0.05161386798407341,0.006429198813139525,0.0,0.009831789284762582,0.022767940592612997,0.0,0.002839338952605075,0.0020743958324866973,0.012791560240536431,0.0,0.057014016390148026
15,0.0,0.0,-0.015719836394356812,-0.0030309953854889,0.0,-0.01764984053230434,-0.021194188967513742,-0.011737222205418507,-0.013138590151130223,0.0,-0.022939261670075817,-0.02987278290945033,-0.010189086580877138,-0.01957262210955329,-0.004616590874807314,-0.0013386909832469596,-0.015747737506584092,-0.018340971440926224,-0.01579263100701489,-0.01994820233699757,0.0,-0.03609596382818148,-0.03057680381057082,-0.017056582120863473,-0.008966343527981147,-0.0364959859050239,-0.020115065846194352,-0.005886954257523502,0.0,-0.022740960876484858,-0.014784188546667631,0.0,-0.026610579849188687,-0.0426608729439768,0.0,-0.011041574278856991,-0.00664145115879361,-0.02116408866061348,0.0
16,-0.014563657206025538,-0.019390033981243338,-0.016258683957697972,-0.027540565698475683,-0.045000358038628896,0.0,0.0,-0.02399478131859689,0.0,-0.02029684745771632,-0.006758443365645545,-0.004780488059377808,-0.012593811394046972,-0.037141244562397084,-0.00878482070448755,-0.022720084459556592,-0.004275324781069623,0.0,-0.0020148566516233197,-0.03153036041790064,-0.01377764435460771,-0.0031799057092705423,-0.03557241965263214,-0.011064159710266308,-0.010023243340220091,-0.014229992250228418,-0.030602560017258033,-0.0026257455174187594,-0.03312057004095681,-0.025122771647164758,-0.01856790970792871,0.012847997938513434,-0.009557899066282629,0.019322075334671673,-0.005407258369462042,-0.02283435535664857,-0.004696516374068371,-0.009859585449911,-0.02594984132103728
17,-0.010915525178432972,-0.0017707140318977133,-0.005356676621018186,0.0,0.0,-0.010859841922564228,-0.01738852407550115,-0.020543787561789317,-0.0027918339158999605,-0.010176887500843446,-0.0170829479508825,-0.02379436335417984,-0.013579388596181352,-0.0382105524648686,-0.023240684494087917,-0.01043727007589873,-0.018075759866723832,-0.020808315462471083,-0.00776647779502182,0.0,-0.015718075882754756,-0.03563691976118416,-0.015182913202317459,-0.004832364705549319,-0.02808502778217864,-0.023917012384037872,-0.010178708177162156,0.0,0.0,-0.007198450912002884,-0.013486466427163002,-0.006507975732164717,-0.009135144661039152,-0.03357741472395792,-0.039383648919377234,-0.028624383310514975,0.0,-0.008411375341062177,-0.008991233875937699
18,-0.012959851110242726,-0.028147768206867537,-0.020991406406117297,-0.023940862811592467,-0.033326013002791366,-0.010437878354416091,-0.006887394245380929,-0.014703749300380653,-0.001111287551479767,0.0,0.0,-0.006816684900270431,-0.002605976368790397,-0.019708775251091715,0.0,-0.017923638418140153,0.0,-0.011772409939521056,-0.020993365355610027,-0.016304168162471933,-0.027150049290269932,-0.005265946836156443,-0.011492292058279284,-0.023418106654947923,0.0,0.0,-0.021174832699967783,-0.02345997569287489,-0.05005296189485997,-0.018789499748366637,-0.01894023594500005,-0.0054768517608412,-0.011153377011795251,-0.0018496139748888363,-0.02004196186044005,-0.005066193833522832,-0.01073792350438818,-0.01675990796560084,-0.02220570654930221
19,0.010570728873086022,0.02115758705435084,0.05558399467720121,0.013002546953768237,0.009687483670894115,0.008315230706696902,0.007041518067630231,0.007408921140935666,0.0015947329149373355,0.0,0.016101651392480182,0.010208996799479007,0.002403967592594758,0.0189651632917453,0.0017814232983441316,0.012436776179489628,0.024993085328844863,0.008847528736063398,0.015315069573204082,0.00830515595936085,0.002787801163312897,0.02411470104098801,0.0,0.005178562261615893,0.023305382687348608,0.017172985294986176,0.01954445981691016,0.008507268020781,0.02888130323745405,0.01012459941013183,0.0,0.0,0.003631853016892811,0.02453549839093308,0.010481201489172948,0.005094360167043038,0.011717898731748666,0.0,0.00953389639290736
20,0.01999090464124942,0.021106934756263795,-0.01832441655948797,0.02342710357309957,0.025893498646563703,0.0035117534552554512,0.013497201381641509,0.0,0.006646654495575305,0.003455615879172064,0.02298899814768779,0.0049893623703621826,0.0,0.024423624583854556,0.0,0.002353006616336084,0.0,0.01782837836954193,0.0,0.002259250967735493,0.004147085608071532,0.004666421655631692,0.014405998303683496,0.008889167269351572,0.017145470049385603,0.011735232063396384,0.0,0.0213550930305047,0.03232626961667953,0.004753587020873251,0.007268705543022168,0.011504935289469996,0.0068307127172715365,0.031823679075496936,0.01020439824255015,0.02288642671502586,0.0,0.045814882172336084,0.028527397635731862
21,-0.02981539998479116,-0.03378033174747802,-0.0015567771764286034,-0.04231400838128857,-0.03125527001881573,0.0,-0.0020031561118287744,-0.032031637244767715,-0.006155736870171014,0.0,-0.005162098236156154,-0.002956828406033618,-0.004804730193831985,-0.02253215332060593,-0.01789889822794022,-0.021816128916386512,-0.0008055354921465696,-0.014277665429200948,-0.0019727901391367038,-0.01430528481792309,-0.035773032001637166,0.0,-0.030674464478361863,0.0,0.0,-0.002687606784818053,-0.044098491905856414,-0.005537253313145475,-0.04764473560764365,-0.020333975722946682,0.0,-0.0010526572608516305,-0.01745401175786776,-0.007817787677927651,-0.005642602870738589,-0.029427803034825506,-0.008077813535114942,0.0,0.0
22,0.011575596271316851,0.014781814615790284,0.04498596428611487,0.008133926222662846,0.013297046039417698,0.01758214889186116,0.0,0.013206579221197862,0.006136583938624818,0.0015659573904928115,0.01883440532187855,0.022127410565472627,0.012141998610132487,0.005878574107846452,0.01306185678056723,0.005355896120825682,0.016891109523586356,0.005037786652291404,0.0050473961703157155,0.0,0.031593544489404414,0.004739698367085543,0.019831424263177574,0.0,0.004212103539560197,0.016428502122635052,0.021335836078067938,0.012130454798561618,0.02214174615519832,0.026162015720435444,0.0027842113292110005,0.006097432555570047,0.016647931085230355,0.002280207975851656,0.004617614450286356,0.00318626771383948,0.0005992867514504062,0.010684949226210771,0.01721805598116144
23,-0.027100486570768856,-0.031843532025037764,-0.016932963340623497,0.0,0.018460853790569914,-0.00309152414678715,-0.005063593059878635,-0.004487066006396034,-0.011812066001806842,0.0,-0.04776909643155602,0.0,-0.0060606147472834215,0.0,-0.008993224960782836,0.0,-0.002206435015098651,-0.016127065334292926,-0.010903187641702172,-0.03539219163775853,-0.03272326599670011,-0.027163034082206942,-0.021231117579043782,-0.007339507764306863,-0.0013253449053596822,-0.004884737231528324,-0.04480765692173855,-0.05563545812043835,-0.04712060932424045,-0.008136565283858144,-0.016109052398616208,-0.009061390331961572,0.0,-0.004334986971801569,0.0,-0.004351956985122253,0.0,-0.02762361838975927,-0.02049617125078129
24,0.0006566384258934742,0.0155135648577035,0.0,0.0,0.024772839714672142,0.011466512800278885,0.0009313368942213127,0.020601513663047244,0.005643403742045805,0.0,0.0227070359741873,0.0,0.01893985333849874,0.0,0.008190543424260788,0.008282469006110155,0.0,0.017815551359259302,0.0,0.009198005261664144,0.0,0.013400715627789215,0.0,0.0,0.005654793810423386,0.0072937591520741965,0.029771043945237607,0.022551211789983497,0.01961846847247578,0.016294604875849883,0.0,0.016308206030755033,0.006135392034763182,0.02319930104610857,0.025137529100630385,0.008203073088533021,0.008927594904793279,0.05047551002581915,0.04064286096625425
25,0.022910348605156144,0.005893809519144422,0.04401638875540703,0.016595264853979497,0.0,0.0,0.014717504506852832,0.01864577012340185,0.0,-0.013549640899528648,0.008549265768603653,0.017245023243592283,0.005048220656495407,0.030194853229790788,0.0031272874663704764,0.0030221160778049483,0.009089021700310784,0.0051506293190763395,0.0022219533093451593,0.009604744961991265,0.002436498540610399,0.007613402376117295,0.010167461655180563,0.011602132639991129,0.01252546967362339,0.02789127468953345,0.03864656378511011,0.01316992388633087,0.01005326578264637,0.017383200842084726,0.0032802768346814892,0.005744572660948133,0.0018400197491790227,0.036974509326583166,0.029983396045094982,0.005776622433816825,0.005953566242228092,0.010704755539114902,0.004103859432664114
26,0.0007078646852684557,0.016948949168678173,0.04304776981184899,0.0064049905587580955,0.0138740341763878,0.02470503595833734,0.017645168010877677,0.01711352965439944,0.0,0.0,0.0183766427961437,0.01580584091374404,0.014101833686718138,0.023170382009499862,0.0046625350422354606,0.00821201045179537,0.006462261767300137,0.008102347556647932,0.005026480170780806,0.01121782610082045,0.012217610906055444,0.02147830280265456,0.0,0.020056897082415648,0.008306481796157505,0.0,0.011432226242644785,0.011962292604890791,0.034381067211396665,0.0061608704683730475,0.0012811787674051613,0.008620027739722314,0.0,0.024389211855676,0.009517053574118195,0.01290901231903402,0.01392264088583445,0.005193171613869424,0.0009197849428433935
27,-0.004635439724660295,-0.02706341289629366,-0.01494754162015824,-0.03838912677209061,-0.038864505531349285,-0.01931002536108653,-0.01521203659061074,-0.012483854618528743,-0.010091223796322324,-0.003082127940708501,-0.01209770731092169,-0.005677589676375661,-0.011026741794059658,-0.025208381514016942,-0.000876156553901386,-0.014559405347781272,0.0,-0.01114312875330137,0.0,-0.010579749073607423,-0.010848878079601387,-0.015516145214244603,-0.014288271264378259,-0.015907764646846567,-0.0046800342626280855,0.0,-0.01361533328647624,-0.012582470412822788,-0.04855574111135147,-0.04356438723870601,-0.02092736707772258,-0.007336885546692928,-0.006385001824749771,0.0,0.0,-0.01701459738812433,0.0,-0.025740129139373624,-0.009455505297173759
28,0.021086192750906674,0.019010738546053646,0.0,0.011852835435218395,0.022674136272417208,0.028763509689837874,0.013194611345539231,0.011639751566450557,0.0,0.0,0.016017144341725326,0.003697879586590236,0.025901646557584142,0.01606549942082547,0.005739730275643257,0.011883000840574977,0.0,0.0,0.0034769405006458967,0.007781959890568901,0.01074558955660937,0.026919702743858083,0.012785004081621948,0.022387445214435697,0.003926324751306415,0.00724437559187105,0.017374473811583274,0.012554445395200037,0.031958735740477695,0.0062940124432414035,0.00766763987316174,0.005020585149210582,0.004237941103206465,0.0,0.01052846413992753,0.005557931292270224,0.002938149159555176,0.004861303798089273,0.04654563246712562
29,0.003388981587317541,0.008499442958829123,0.0,0.01806997902705601,0.02121465143575496,0.014874738588064153,0.017028493052060698,0.015174702864344775,0.0008158449994256356,0.0,0.014646800972837437,0.0090444063199297,0.02918577081016926,0.02388582703360081,0.002156225024728286,0.013300921841738866,0.0,0.013421314175253218,0.0072113147168813285,0.001685747570387891,0.014531689840295126,0.016267122875420675,0.005477892282703178,0.02440940790691759,0.010145134465599448,0.00978407848986526,0.018944862859940542,0.010834939211149752,0.04288722615504406,0.00229906200063712,0.006795278774685415,0.007512668016032645,0.012743683111746396,0.02386250298528253,0.0024436878947763363,0.010879437660585413,0.0,0.0,0.024909495824272043
30,0.0035144067286510816,0.0,0.0,0.0,0.0,0.058928165905337275,0.03582967157787964,0.010174617268737196,0.003934119210181858,0.0,0.0049841494430513675,0.0,0.02482399628439436,0.0,0.025158132174257556,0.0,0.044681446072445175,0.011843846915589871,0.0,0.0215897338817278,0.011339434416835631,0.009335435985428188,0.027422596187292203,0.01862605439130444,0.008060352647856872,0.011560913842196595,0.0,0.017527495612680383,0.0,0.01068765977952485,0.01961736888455912,0.04256477719112084,0.0014450979685822207,0.0,0.0077374341395015376,0.012263361969994084,0.0,0.011614014760879532,0.0030690500933234772
31,0.014410888004429412,0.02488983556541113,0.0452026827051093,0.01033407769873407,0.013609033102619657,0.0019097808729433008,0.015676156708626543,0.013220225154787602,0.0043846250054763725,0.0,0.015091223547786026,0.030743694176104175,0.0,0.02676666405317335,0.0041330753653661964,0.01306774757247542,0.0,0.0,0.0,0.017936377538999626,0.01941303008282838,0.017227142502779375,0.02137919668688681,0.012581187632684426,0.006282852094180336,0.0,0.02024497012279408,0.00964600490351908,0.023332655967995136,0.014182293438376513,0.007387293320776922,0.0,0.0,0.030672953615026036,0.016109361639796926,0.008498304253647115,0.0,0.0,0.0
32,-0.0019826126704668434,-0.01817276932501749,-0.02179033320806581,-0.018963428479652825,-0.06184921744368629,-0.0041216257763264106,-0.015287954104718643,-0.01910848931865672,-0.008883146718569435,-0.010839751588666293,0.0,-0.008264721371487316,-0.004200688257842644,-0.005243494710806386,-0.0028711416069455158,-0.00979066253825464,-0.0039088120864466105,-0.026811364182401543,-0.002482290780986718,-0.02529378683880623,-0.010461670373768273,-0.000308712222449603,-0.008398407890205267,-0.009667321806227177,-0.01695603984238947,-0.020501210149193597,-0.03559747105804978,-0.004725581848247118,-0.0410692229204328,-0.016224626529160346,-0.005987254155089772,-0.024852399075968284,-0.010525909092411412,-0.009640387859865124,0.0,-0.012692409146617343,-0.0058801769990416974,-0.024232586807932832,-0.014078987881812388
33,0.015171412298058157,0.003472241649957797,0.0,0.0031829945396184,0.0,0.0,0.003190658727390633,0.009581187555588788,0.009831342595919002,0.0,0.009835995365942651,0.00940019395763486,0.0,0.0,0.003512787222443442,0.02210449432801434,0.0,0.005909105172131918,0.0,0.008771400166069948,0.0,0.03611541901479978,0.0303653075756396,0.06661871082692034,0.02043620926372564,0.028793637051964024,0.012976679292613369,0.02722988012531069,0.0,0.026990997514877213,0.0248525309140124,0.01157469868452421,0.0,0.016173692347046048,0.00609547787324255,0.02472115007386844,0.011901016544696665,0.005833185949408236,0.003690926701914177
34,0.01618264335101291,0.0022502169091627444,0.007730862173566193,0.0,0.0,0.04473821070610951,0.029900415335560787,0.0,0.0,0.0,0.006268194748487777,0.0,0.011590215282707985,0.04249200636368336,0.000914178606039734,0.0009520853771670114,0.0,0.016873465661926185,0.002950179145680798,0.019668595198284955,0.0113335151328548,0.013567924549861776,0.0592655167208383,0.011277921994514523,0.011857789193814113,0.010904910267636292,0.03784532592347717,0.000500407683503068,0.0014905689692044088,0.0,0.018531989698102408,0.0,0.0,0.0091963357567805,0.013604429045957515,0.008616844345570362,0.019088247607616737,0.028740337584211406,0.0
35,-0.02925127578294273,-0.032394271480738424,-0.014639336163777215,0.0,0.0,-0.007863107221868115,-0.0064090246054850355,0.0,-0.008430498049628865,0.0,-0.022044306031499542,-0.021774972932946,0.0,-0.034393299770596415,-0.008190599207268445,-0.0033375681893514923,-0.011020999702074818,-0.006689530693024359,0.0,-0.015471988285874871,-0.015231402080143674,-0.014037166667502292,-0.006027565201148499,-0.03546887256079848,-0.0037264327683897975,-0.001825363227232979,-0.012106632344969115,-0.058032073857997364,-0.030835680311029345,-0.00698397359303371,-0.01393902198755348,0.0,0.0,-0.030339661161420232,-0.008075123267620277,-0.02095870143631995,0.0,-0.034674470350725795,-0.027493747733705387
36,0.0047205308326214715,0.012751571662062644,0.037190111938723465,0.0039405046019836965,0.0057486201068286955,0.021094552331674173,0.016291612015773668,0.017047972392483846,0.0,0.0,0.006522546750376418,0.03180723495808571,0.002555653798767543,0.014876630627753656,0.0,0.013753203079276409,0.03149237450244338,0.004414540445923404,0.0,0.012171252459249271,0.02639811626553648,0.007006070806603926,0.005651435983027807,0.0027501848566853226,0.015935014192884983,0.0,0.020488856635704374,0.0,0.033894122234709084,0.03075019061605488,0.01713407417194179,0.010088277923355676,0.012865982336479979,0.011011046775811995,0.009175666789525694,0.0006938819430589992,0.003465670827416473,0.014645828470508437,0.0
37,0.0,-0.015828580449625183,-0.015484453492489782,-0.014583292489364632,-0.03866535362992229,-0.008955535094846813,-0.02135556372448621,-0.005884525697106402,-0.012438523222412956,0.0,-0.045427974310007835,-0.01746278008517399,-0.01672238225038708,-0.007018973844044207,-0.00492628135679124,-0.0299354448602365,0.0,-0.01146023713548705,0.0,-0.02825512831546517,-0.016757314132697262,-0.023547610557111853,-0.003452861429579845,-0.0009757548593111732,0.0,-0.016329841406900802,-0.015560248181649803,-0.0011133618909677234,-0.042754847410828516,-0.014805095351435147,-0.005896767577301509,-0.023480300997169246,-0.009146137972245671,0.0,-0.022593623906079045,-0.008478844527248008,-0.0033362888300418336,-0.019184539922279698,-0.019848197755972352
38,-0.009072571939983648,-0.022587938296255158,-0.009186880430668455,-0.017610493600194118,-0.033909841946044066,-0.015879476210051983,-0.019727657923869383,-0.02230892620026459,0.0,0.0,-0.014800993559572541,-0.00917183853711362,-0.009529387777141962,-0.014452926087054174,-0.0018373604077551176,-0.03657625634742462,-0.00675049169748837,-0.010864230695811328,-0.0063517102783968715,-0.018399117310995028,-0.011026303241874869,-0.013684391011608343,-0.012271841778627779,-0.011997660540952805,-0.005999946174549797,-0.012430593803519852,-0.025393981592455598,-0.001352074200669573,-0.03944942399711221,-0.017817742595114483,-0.005781576009472989,-0.0020516110924945767,-0.002990251723020643,-0.011354564341858027,-0.009980878296402984,-0.027588882538544524,0.0,-0.022009827695737668,-0.029467016786564937
39,0.008753819809353275,0.0195167879519767,0.0036021980274433267,0.009862264669863896,0.021061232461554943,0.035078075374490335,0.01953421431356828,0.01892495310805331,0.014504649834767012,0.01965051484236338,0.005708606700489921,0.010224304552787278,0.021188875274513214,0.0,0.01706719318835631,0.0,0.0,0.0,0.0079690181813038,0.019963279667876255,0.014581179167347746,0.005427793700207129,0.015269309947660875,0.004942629077625882,0.015355539651805113,0.021841709771529327,0.0,0.0011961816278082404,0.03444914823072734,0.009485716052395564,0.004376156988006029,0.013857397666167393,0.010715185044856744,0.0005358690250483744,0.0,0.016818768423683902,0.0069972950674553345,0.01381722246235778,0.01605624346988932
40,0.0,-0.03530819239760302,-0.023916556300419837,-0.02454912508398716,-0.034459525112257534,-0.010570245802659443,-0.0192064162400406,0.0,0.0,-0.004104678432633457,-0.01621620913380717,-0.015051121719313445,-0.0049738089046270076,-0.014394491681286481,0.0,-0.02421981815163604,-0.012558380612661235,0.0,0.0,-0.0059420530743549685,-0.04263299315444241,-0.006285522391405951,-0.022977076459634597,-0.012001793004510595,-0.033149945674640635,-0.009353178700472364,-0.03716295809012121,0.0,-0.03612094444108816,-0.014758260671504597,-0.008207753732411838,0.0,-0.002454132701894901,-0.0028155587178642087,-0.0028734434185246354,-0.015367118402469291,0.0,-0.02520065441934977,-0.024834710039044142
41,0.01697820987084428,0.007795424643237403,0.0,0.013532158357937085,0.014267611343159096,0.02812380790039909,0.015755270895569773,0.0025601222002119557,0.0012901577954530508,0.0,0.013558957026426871,0.010256061966139207,0.014262690689374304,0.041532472413344734,0.0,0.01444259534518691,0.009915229001934922,0.0,0.0073499642166958154,0.012686551611428593,0.008534821605716003,0.0228045394271984,0.002934499452507733,0.023814118983003615,0.012012391892560148,0.0043659603233552335,0.019187719170102924,0.01668078415863214,0.03943326312219112,0.0,0.01297486093665795,0.0036639764907496213,0.0017052403597291874,0.0,0.011028044916135626,0.030018320479657686,0.003924980431021297,-0.015285953318261438,0.03622847962503295
42,-0.02971857149043466,-0.04058876309386456,-0.022699500694345117,0.0,0.020248736548953598,-0.009717356842663394,-0.02171773300212229,0.0,-0.013908939686262056,-0.012868781245058523,-0.02430963330054009,0.0,-0.012612496336746548,-0.020627657697239454,-0.025253675218488647,-0.00539736565530291,-0.010040288122554142,-0.010438837148297686,0.0,-0.019375721729715276,-0.009650825638540028,-0.004040028008533481,-0.02263930496751204,-0.02046666887439952,-0.004395364113809697,-0.015222157647130337,-0.04669968931973778,-0.022176686298654325,-0.03612604577453987,0.0,-0.009304849947624594,0.010082460269290716,-0.014390491891075718,-0.002963326423799761,-0.02583994318027205,-0.01939294329689578,-0.01536576372352494,-0.011996098025085944,-0.01205235509013991
43,0.016328805753245274,0.0,0.0,0.0,0.0,0.0,0.003139557689110506,0.0,0.0,0.0010266488128737317,0.023209454372246117,0.0,0.004141193611225474,0.01315281236845667,0.003357159578626451,0.0013291016578760304,-0.01820552821264376,0.011109675933517249,0.0,0.0,0.008630103648830045,0.0337324064545243,0.01868310334379236,0.02450587038712532,0.01652552810459934,0.031654975303242405,0.031388406184370415,0.020256826791696325,0.0,0.008566343204306215,0.03537704504845805,0.005009118030627424,0.027866845736671586,0.02648036988459196,0.024134275236908698,0.050106162540172534,0.008252354122687211,0.01673692145363881,0.011837796292556546
44,0.0,0.0,-0.017796944494910427,0.0,0.0,-0.016988970378110483,-0.015479449977560344,-0.00740582916544863,-0.013762910418356145,-0.0034543067134844567,0.0,-0.016673773713463513,-0.0050558462278323954,-0.01866607311441029,-0.015751297837186484,0.0,-0.0063280569397954345,-0.004533276312097351,-0.011490673060567835,-0.011785444935766387,-0.018636941045684585,-0.017398603550809192,-0.015884688773304012,-0.03188345686060595,-0.006758339103603518,-0.039695825850178224,-0.02146888709907363,-0.041122557792147296,0.0,-0.0017098745913489144,-0.01256408543165072,-0.031857162533477264,0.0,-0.046706009367836636,-0.033209849675066794,-0.01771979683724434,-0.016678818812573104,-0.023198916053072338,0.0
45,0.0,0.01613979831828699,0.0,0.020459326375249304,0.004484049054134687,0.0,0.0017411687403258158,0.005461503950241586,0.0,0.0,0.029975867770563488,0.008122630511757933,0.008376415402441606,0.0,0.0009131817705005928,0.0045857967712327205,0.0,0.02833371608080448,0.0,0.00312913164051995,0.009637945054708386,0.03751640366171083,0.052027811427146416,0.02554347402479712,0.00710488745039245,0.020580628531239542,0.04657497427921725,0.03996403374596425,0.0,0.006848755406814788,0.0021262824952602566,0.015174359917705547,0.010585877984418762,0.011701137777172743,0.009558971269112482,0.0,0.006375238862421806,0.002594786300790713,0.02269517875840077
46,-0.024925989254614644,-0.016966577212630785,-0.008344558442527295,-0.01531142516821177,-0.05178131804290709,-0.01465933563590199,-0.013395330789427284,-0.0030452528686215068,-0.00631760885213556,-0.009029137987385916,-0.01830975702778681,-0.0016424084866952793,-0.006348822897187746,-0.023022671322161736,-0.006553849325559635,-0.010075787716946616,-0.02302630195926569,-0.033101905459779264,-0.020318054140862324,0.0,-0.015897165875065098,-0.011855885456799579,-0.018351615287467062,-0.020661810244791638,-0.013178516798485584,-0.0022788283575284622,-0.017704850067658928,-0.006174957366704592,-0.03759028430453407,-0.005174132862279801,-0.015096404378604709,-0.015883968438091808,0.0,0.0,-0.014478991666567381,0.0,0.0,-0.013061344602330384,-0.0281018183691486
47,0.007239563185119869,0.03834311438186189,0.0023771807155268665,0.011271909895742505,0.030252681671288136,0.0,0.005232782449558576,0.024566712900087856,0.014272975593083046,0.0,0.01576750222215073,0.005278481564937793,0.0043420681856239365,0.008262463658438413,0.0,0.007210101468839491,0.0026773108486483066,0.02389694155960548,0.01469597162422065,0.010683972145533766,0.011916754805029656,0.015890493841720418,0.004007879858225594,0.0,0.00011586625342632771,0.006501647980745401,0.022183400511805482,0.031190643342661525,-0.01395091391554873,0.01784658484822499,0.0,0.013875809346443837,0.0,0.036363440607275255,0.014790125538419324,0.0,0.01124381763622645,0.023801879176733882,0.03618416943167657
48,-0.02363256694459032,0.0,-0.024631381623713616,-0.00488959578874576,0.0,-0.009170830013608938,-0.012016004554554954,-0.031060042785547807,-0.026145915298776527,-0.014528271366330281,-0.021015348665635897,-0.0188889949964976,-0.011744354923457323,-0.037856683209478686,0.0,0.0,0.0,-0.02741547180921805,0.0,-0.018265995284529296,-0.009857282500734366,-0.005287215980301852,-0.0246798595094134,-0.00847251518062747,-0.009572868435307745,-0.02514949999712093,-0.027798451643790637,0.0,0.0,-0.017400452307904383,-0.013557555063913871,-0.012004383175897582,-0.02999047966865298,-0.023121819606435917,0.0,-0.02801571619764215,-0.01209957906070186,-0.013397531073536584,0.0
49,-0.005051557198009038,-0.03147446818540528,-0.02111561433463388,0.0,-0.033342609434340226,-0.01701421887776,-0.02061415252934551,-0.012806657202038274,-0.010866024407707037,-0.0006755291958541187,-0.046159083776341585,-0.017629811148995644,0.0,-0.007302221138704491,0.0,-0.013541406840781369,-0.02031074082795248,-0.012861387664142463,-0.016494081428341467,-0.02275425074414167,-0.010673710515729823,-0.01446746914426894,-0.017138510434908383,0.0,-0.019961437321700914,-0.008087151170940915,0.019506654858778727,0.0,-0.040761021047606816,-0.025223991189393117,-0.00314272342010935,-0.0309170225737741,-0.0017008352421823414,0.0,-0.01283753603465021,-0.005237442756072436,-0.019600501741666443,-0.020045293481401882,-0.02136486051654529
50,0.02059681793348161,0.0,0.0,0.01705717412108798,0.005356184715274409,0.04412201850398273,0.013712378159157823,0.0,0.004935608610396103,0.00494842291049391,0.01356062922883497,0.0,0.01058942416175948,0.0018464556417359113,0.0,0.03744327390156088,0.0,0.012759648090000714,0.006376457113825951,0.013176903247749894,0.03925396638599316,0.008337399007307178,0.005653984360072223,0.004914834711186311,0.010875850031973194,0.015174193490559153,0.009503926583816076,0.011830224241481365,0.03125705721775679,0.0,0.015017192562519403,0.0006314257512268218,0.001606142026957108,0.0,0.0,0.007944726573087563,0.012499467997355572,0.039308340437888,0.038043205614811004
51,0.015088257204103006,0.009807312616581715,0.0,0.012542057358229663,0.024835560528242432,0.0,0.013186517868344459,0.011027366912942205,0.011290645870012715,0.0,0.015507301909526703,0.0019695190355676906,0.0,0.03914859630240264,0.011359541812735269,0.0,0.006034400261682893,0.02805595672416386,0.0,0.022938132921481724,0.01272523575508111,0.0019837768811358787,0.017869858922098525,0.017073557727889817,0.007001578134313791,0.0,0.004503833218689579,0.017019141818921474,0.04567857557519872,0.008581801165701619,0.0012633111158097676,0.002049167513312633,0.005595663048081846,0.01968727129552569,0.017668722417981564,0.01985144187046051,0.0,0.030863599417751575,0.006125630129362125
52,-0.02310605140462726,-0.03259777208184325,-0.010945904694922487,-0.008561868735546208,-0.03835809975360269,0.0,-0.02258475177604835,-0.0043846791957673215,-0.002006519519991145,-0.005664407229159951,-0.0018076355211278368,-0.0017405936065798822,0.0,-0.03293683715833129,0.0,0.0,-0.00753235703445393,-0.014400991483475787,-0.0036154002795474867,-0.010782305114970164,-0.01814660796337636,-0.00785658865203015,-0.011992019325894498,-0.028941713766183264,-0.022325900882415626,0.0,-0.002634522555445024,-0.008081464149663098,-0.028464959709565807,-0.02590571416500645,-0.014091528039249153,-0.0005918297184877576,-0.017239175308940924,-0.0198875328627727,-0.02100558172164474,-0.0021501279675918412,-0.038891860571412966,-0.02426695745178542,-0.028166407265205917
53,-0.034203515491973924,-0.019556956522974844,-0.0106889028336451,-0.0027601943151071557,0.0,-0.0162931698608631,-0.004113011239817999,0.0,-0.01822096710540283,-0.007151113458599534,0.0,-0.010499482373188427,-0.012193494584596731,-0.025955714766817798,0.0,-0.016879467175640428,-0.017735088273101995,-0.018780956903918452,-0.006253962717973294,-0.014637418286223003,-0.02400346232976286,-0.029798389308513976,-0.029587832078119106,-0.0355295641023991,-0.005976862184183307,-0.011451478783708724,-0.009839686991090169,-0.038280324032008865,-0.03869359151615559,-0.007985345670906474,0.0,0.0,-0.004811884324149972,-0.03351328332061032,-0.002256667330443441,-0.027616771686957253,0.0,0.0,-0.006398107097812965
54,0.01825962866352826,0.005868781729794548,0.045328009017228284,0.005909404039682431,0.018282078261048523,0.006086243281533288,0.010762908424099464,0.008904800840918077,0.0003955312697229707,0.0,0.0073584081673088155,0.036371895558821365,0.0,0.017954013700300225,0.010387619383715574,0.0090893215486621,0.011469184803661324,0.002778256627372966,0.0,0.015584451369036743,0.02659217600229549,0.0156845070016427,0.0,0.00612415542000011,0.010857748233679855,0.009704528936525849,0.023036913097081838,0.003340416405318791,0.026159637170540262,0.02675063912472353,0.010394746991955415,0.0,0.0180395603948324,0.020716805136675204,0.01238890186134406,0.007105635896081958,0.0056544629548020975,0.00394979160449746,0.001042170414901178
55,0.013691013950840714,0.02230930310631965,0.0,0.003949320240530019,0.009764102260160556,0.006806688888693568,0.015350696710037191,0.01397239896999014,0.0,0.0017179892780280206,0.020193655015648185,0.0,0.0,0.006699287574680607,0.013036685928247084,0.0,0.004952557186003792,0.018976966416396568,0.0,0.012581938873627213,0.009521791216109965,0.030975665342557687,0.05153215365515143,0.0025574699231660225,0.014254330922143118,0.02455034453863492,0.031195939596166733,0.034811627700180425,0.00434502824298022,0.004446718797475603,0.011466713623937974,0.0011317570173094704,0.009244406106008823,0.0,0.01699406498406153,0.0044917690494264695,0.0177337354198015,0.025077212799017982,0.0
56,0.02018978455715154,0.033813756064067994,0.0,0.010437409373778073,0.03703031115450461,0.0,0.002861636610547336,0.015334549933114975,0.009730759837604104,-0.011823072539376756,0.02552375524058259,0.00822715018984349,0.00491476666624685,0.020384638545068445,0.006254334047236547,0.01741098669615154,0.0,0.0066319349045566856,0.0,0.022848940140805102,-0.018699387291350237,0.0,0.008323653034980838,0.014411954401855553,0.0,0.0,0.021044334811906432,0.03093350329294156,0.039067191698942766,0.0,0.00345956122608565,0.004206296464291187,0.02118564959670477,0.02297460228644796,0.0152750216389117,0.007937029416221819,0.010705509244846978,0.039412409682580966,0.008324362406082142
57,-0.010297173143558271,-0.02552872119397459,-0.013477934440367515,-0.016840128838890578,-0.03636137683398455,-0.01881006909977689,-0.02434222091505961,-0.00878862615803433,-0.012325060135377321,-0.004842555556474226,-0.0007157031062367536,-0.003541639907242211,-0.010363988890305514,-0.0060064592573323425,-0.01429048322997084,-0.03649544919241199,0.0,-0.011618614303958885,-0.005603156435762925,-0.013221431254503646,-0.029233969758880537,-0.01586066814654341,-0.027955457895654567,-0.029442691795704856,-0.012372933405913056,-0.026328755898520798,-0.028698637503414393,-0.0189405548980372,-0.04016698723654871,-0.014082412307865331,0.0,0.0,0.0,0.0,0.0,-0.0009318331573417992,-0.010325013635899216,0.0,-0.013855959133119877
58,-0.026287253427233703,-0.01807868513603661,-0.004361535411731038,-0.023762261780252703,-0.024524193998265803,-0.01395147673911662,-0.007801520564547416,-0.009040494122477316,-0.011674436780763964,-0.00700287735285271,-0.03762765917987399,-0.006940039990693925,-0.0021524243990618253,-0.01582566699620663,-0.003683817895389296,-0.009711779934893585,0.0,-0.010878508789714969,0.0,-0.02067141620617929,-0.01469383022773435,-0.0166766849021307,-0.010473636816739629,0.0,-0.0065264656850240466,-0.0182619891443192,-0.01141019692345896,-0.024129861554495924,-0.03893418461661169,-0.010587322361307659,-0.003384716831889845,-0.015506291726568757,-0.008349028553577886,-0.021404838217203404,-0.004372255837819915,0.0,-0.03823365385757593,-0.030133370664451712,-0.014612290040465712
59,0.007809199758607944,0.016050683373833863,0.045129339538000114,0.018001054464571536,0.014926240899261397,0.0199878546345498,0.001915146891324493,0.012576266580573536,0.01599911426075934,0.005492096610879127,0.003609128334334133,0.032268796668922684,0.022434152685303518,0.004321909711577893,0.01490085849568676,0.003744214379958089,0.01740288053786171,0.0005388540740966785,0.00897068097690229,0.0,0.01785160287118337,0.009443124066161185,0.02603104664022518,0.0,0.009822156465752713,0.0056456327665347925,0.013295681898215063,0.008628715162230488,0.02366504208934303,0.01967473468635389,0.00892367960866658,0.0021826069941239252,0.019536190461963088,0.0,0.004476675817929543,0.0,0.005402038112668484,0.00357721522907134,0.01409871758590581
60,0.015190438989968663,0.02301755935321304,0.0,0.01697669393329404,0.02792272835997184,-0.01291832864541137,0.00400268224464076,0.018709705416205147,0.009027817935880143,0.0,0.024264174892601298,0.010574742997921938,0.02493827635381235,0.002442219133695189,-0.015736031287892943,0.0049620434880236755,0.0193122329158521,0.008544082340886355,0.0,0.040045044869440216,0.009046573408114406,0.0222066018633878,0.014749440504958078,0.012397896692304457,0.004752599521798295,0.003299713917664482,0.0,0.0,0.036430869751117416,0.006627388506389387,0.015209627261146441,0.0010686437570951446,0.018447097042058717,0.019519217327519076,0.009374331067558668,0.006713684578976031,0.01178216214380362,0.02320564409026085,0.022225758607077872
61,-0.016515786085242123,-0.033959146057614235,-0.014131383586056425,-0.03332098435747527,0.0,-0.00788756826115117,-0.015297819596774563,-0.015852754536666624,-0.024796879636112382,0.0,-0.005515033799307345,-0.01172530697315777,-0.014166682853392619,-0.010307010490575086,-0.01568127699563521,-0.006366960420920054,-0.010967781382609731,-0.013032355724125422,0.0,-0.010535569051024124,-0.011719964431344432,-0.02328494540458459,-0.037487297745722535,-0.01126378675749723,0.0,-0.04283338376216533,-0.05623885044190336,-0.0029387951393740896,0.0,-0.018992978988205844,-0.02030700231584309,-0.009929804564751954,-0.013575470899891641,0.0,-0.01803491581071054,0.0,-0.00960247296892658,-0.0053966976279054,0.0
62,-0.019879100947613304,-0.017791117120937283,-0.008595782700613036,-0.020545892258879258,-0.030534115624881175,-0.020724855191157517,-0.00710340244191135,-0.011800797521264115,0.013223086386363492,0.0,-0.0370642441128039,-0.010695723913296984,-0.0074347982683121705,-0.028942699617421075,-0.0044450898252372814,-0.01774981238166301,-0.00600391206681794,-0.012861946748266516,-0.005118698096213792,-0.022762005663063103,-0.021310896407478297,-0.0028789882782896408,-0.011699795095627795,-0.013146607147187628,-0.005344425217278126,-0.0223555140687679,0.0,0.0,-0.039785111473372936,-0.0035260231636834454,-0.0034088090422165485,-0.013785242472550474,-0.0061074041308027405,-0.030037363700582742,-0.015761811491519534,-0.003847003327256293,-0.031128519824099362,-0.02055939960197528,-0.020152844109988632
63,0.008322115533066443,0.014897020865971916,0.0,0.01104634995908943,0.02317119941347789,0.005138229961468149,0.013731671233399106,0.0076232342960115265,0.010336459349473248,0.0,0.02746316172332719,0.0,0.033229789268268806,0.0243852775338434,0.011382540225538529,0.005084018831786469,0.0,0.010748343328865012,0.0018915873207543399,0.012112370148826268,0.009748276413597823,0.0,0.009882171974594206,0.022478475069434702,0.012937927701771379,0.006421989312040521,0.0020580971234738787,0.031275494987813963,0.04481197739373577,0.0,0.0028806373817305553,0.026577705028957205,0.0,0.0,0.009247386725923843,0.017636417171199903,0.009540169614273952,0.017384246944878112,0.01488899149673967
64,-0.01867104076130149,-0.0367166630110824,-0.009231281920931644,0.0,-0.0037120842916370522,-0.004126338647861882,0.0,0.0,-0.02527634929925565,0.0,0.0,-0.023423599246577387,-0.0026894996982832764,-0.029970519969512218,-0.016941246088752217,-0.004003678006175349,-0.01595860467304971,-0.016383750366106425,0.0,0.013609783341048842,-0.02213593353438051,-0.02760011031274268,-0.002636984030762346,-0.056010987081993285,-0.009386126728644223,-0.006721715665011008,-0.007391683620385947,-0.024242553073408942,-0.025527927169613,-0.019746423976202517,0.0,0.0,-0.012984556904275244,-0.028067711556898384,0.0,-0.03078589275840682,-0.029806936519608977,-0.02542191521761039,-0.019704335877244628
65,-0.03786356326515677,-0.035030869531800866,-0.013272275844249616,-0.009299293691987787,0.0,-0.033723100764259384,-0.0016700760033716011,0.0,-0.015570434748336082,0.0,-0.04143796064623112,-0.01527633644114676,0.0,-0.020686248150480147,-0.004554802287409177,-0.009473204439731429,-0.0018014890082829747,0.0,0.0,-0.01457247295017955,-0.0051699200158266114,-0.00784161031197761,-0.01336072596223492,-0.01569569801461207,-0.0065142710937642345,-0.0038001985546388117,-0.003456794383788209,-0.0342571072156716,-0.03172276917692474,-0.01977201597744277,-0.01150859736025822,0.0,0.0,-0.044995206270527166,-0.022535767689463197,-0.024054156469276892,-0.01081255991681812,-0.018534957132051444,-0.013402183348766859
66,0.01735331624265385,0.018224612541733357,0.003135602353936784,0.015088409746178975,0.013374601410057141,0.04224716905862783,0.01630010729625775,0.0,0.002221308939648725,0.0,0.019751378015206076,0.006446888411363455,0.010550258509308548,0.0,0.0,0.034391066666057624,0.0,0.013799502963928843,0.0,0.006065900206004116,0.038259023091981925,0.02886159038262437,0.01181554513553873,0.009804001919490768,0.00503612129175865,0.0017878954832837855,0.02582933950364466,0.0102472924026355,0.029911470035173613,0.0,0.00880405728659589,0.0,0.004036799222134403,0.00501090253694919,0.00172921482424937,0.0,0.0014333421640241872,0.0299375689398968,0.02687904675238828
67,0.0,0.0,-0.015959796406899845,0.0,0.0,-0.02605506520314349,-0.02224234162809735,-0.013183818944020737,-0.0014621688129467516,0.0,-0.012246048996493286,-0.01931431138130452,0.0,-0.03343616923234022,-0.005746631213837393,0.0,-0.0070066402282907845,-0.01795548703518468,0.0,-0.005976646257227714,-0.0178777671027891,-0.046723925918881935,-0.026882693072181246,-0.0038221665934501936,-0.019122785095314287,-0.0010271884162794118,-0.04474457871335996,-0.009730213317581504,-0.005041140219347651,-0.03625070638928257,-0.0067457855041294645,-0.0007982988157487768,0.0,-0.04790724045127906,-0.02966420224148336,-0.012291647472617906,-0.009548276607783956,-0.020900796540169964,-0.0220021288551997
68,-0.005535498401902039,-0.0015009771998122925,-0.01616776054281821,0.0,0.0,-0.015283182457335813,-0.009469694388162836,-0.01796776096607383,-0.035774381306080294,-0.0043052452615752745,-0.02637429235965844,-0.031996798982104835,-0.009146618427103235,-0.0281013189666216,-0.005956529872706423,-0.0034762145265525013,0.0,-0.009621054059872349,-0.006537038591060196,-0.004498521673640926,-0.026463300908460108,-0.027193255244455816,-0.011257084847530907,-0.02009152635562356,-0.026227761675575837,-0.02581950852142673,0.0,0.0,0.0,-0.03069000622917178,-0.0195725694084708,-0.009644024557265094,0.0,-0.036837090652989464,-0.04122742851909656,0.0,-0.021903677936145668,-0.003047421767513381,-0.009979122059859956
69,0.010875872150870242,0.01872351652809029,0.0016677333133311714,0.007577291308764028,0.019646847848566133,0.026743685905621182,0.012032679443655964,0.0,0.013924555807114105,0.004189033671585518,0.007840331598160333,0.001621347430702802,0.015302859243168432,0.011770617096925284,0.004975230153812904,0.017621919005078313,0.01424438919982496,0.0,0.0,0.007714264079785066,0.04069107087721463,0.016801330688207966,0.024252802301068962,0.013020781171280194,0.014906924938414197,0.004257022366482427,0.024429306515563187,0.014719238498375697,0.030414928909560632,0.009247866018347985,0.0,0.012912642941256323,0.0020406152031556546,0.004944221848942332,0.0040831089338388415,0.007040249357318895,0.0026498736933674998,0.013440748714722341,0.02200842657115876
70,0.0,-0.017371825509229,-0.016033067200141138,-0.03221089758629564,-0.05276207783749043,0.0,-0.02325826516335472,-0.011071067817259195,0.0,0.0,-0.023171378126264356,-0.012065158120097286,-0.0020459241549971585,-0.028975870010581994,-0.019837123917606225,-0.007912257569970105,0.0,-0.010643521607923643,0.0,-0.02541959113586345,-0.013790992168247751,-0.007636018380630437,-0.029026914176303212,-0.01006426974159999,-0.01997456901645728,0.0,-0.039426754896141065,-0.002643524724864288,-0.031121203023305927,-0.02312235362055892,-0.01575444871786591,0.0,-0.008426662570189591,-0.014862242499973031,0.0,-0.0033439138736561518,-0.00964168380789543,-0.015485395479530985,-0.014567694212372471
71,0.01858367902159216,0.0,0.0,0.0,0.0,0.0,0.0,0.0,0.005681060628685924,0.004277992325345204,0.012904645401402652,0.02003766668436246,0.010070182184445052,0.0020390696135841324,0.004079124935982337,0.0,0.0014848907394036381,0.00888441481198052,0.0,0.012847520801815532,0.021240686321758077,0.02977687069187452,0.020856256391218853,0.046621580969591535,0.010761303101553932,0.02422007004914667,0.00805772282668918,0.01575724210645929,0.0,0.00663842991473021,0.02802774865317517,0.006961439875519726,0.00205342794888419,0.018783042710463327,0.01820262708424622,0.052205243532967655,0.0170439246960625,0.012851295241268544,0.01738417406912401
